position,person,personID,start,end,gender,DOB,DOD,image,enwiki
member of the Supreme Soviet of Belarus,Alexander Lukashenko,Q2866,1990,,male,1954-08-30,,Александр Лукашенко (28-12-2021) (cropped).jpg,Alexander Lukashenko
member of the Supreme Soviet of Belarus,Viktar Kuchynski,Q9373952,1990-05-16,2001-01-09,male,1958-07-02,,,
member of the Supreme Soviet of Belarus,Wasil Szłyndzikau,Q15174189,1996,2000,male,1947-09-01,,,
member of the Supreme Soviet of Belarus,Waleryj Lipkin,Q100936370,1996-01-09,2001-01-09,male,1951-01-09,,,
member of the Supreme Soviet of Belarus,Iwan Ciareszka,Q11714391,1996-01-09,2001-01-09,male,1942-03-15,,,
member of the Supreme Soviet of Belarus,Marat Afanasyew,Q11767299,1996-01-09,2001-01-09,male,1946-03-03,2016-12-11,,
member of the Supreme Soviet of Belarus,Nina Cielabuk,Q11792285,1996-01-09,2001-01-09,female,1942-03-29,,,
member of the Supreme Soviet of Belarus,Pyotr Kaluhin,Q11817616,1996-01-09,2001-01-09,male,1941-09-13,,,
member of the Supreme Soviet of Belarus,Pyotr Zhushma,Q11818363,1996-01-09,2000-01-09,male,1963-12-20,,,
member of the Supreme Soviet of Belarus,Juryi Malumau,Q13033540,1996-01-09,2001-01-09,male,1953-01-26,,,
member of the Supreme Soviet of Belarus,Vasil Sakovich,Q13133004,1996-01-09,2000-01-09,male,1949,,,
member of the Supreme Soviet of Belarus,Uładzimir Hryhorjeu,Q13134219,1996-01-09,2001-01-09,male,1941-04-05,2011-08-17,,
member of the Supreme Soviet of Belarus,Mieczysłau Hiruć,Q13564788,1996-01-09,2001-01-09,male,1936-05-11,,,
member of the Supreme Soviet of Belarus,Vyacheslav Kebich,Q1361912,1996-01-09,2001-01-09,male,1936-06-10,2020-12-09,Вячеслав Францевич Кебич.jpg,Vyacheslav Kebich
member of the Supreme Soviet of Belarus,Mikalai Kutsko,Q14336753,1996-01-09,2001-01-09,male,1954-10-05,,,
member of the Supreme Soviet of Belarus,Leanid Rachkou,Q14917058,1996-01-09,2000-01-09,male,1946-03-29,,,
member of the Supreme Soviet of Belarus,Anatoly Malakhouski,Q14918307,1996-01-09,2001-01-09,male,1945-01-01,,,
member of the Supreme Soviet of Belarus,Vasil Lukyanovich,Q15070629,1996-01-09,2001-01-09,male,1950-01-17,,,
member of the Supreme Soviet of Belarus,Uladzimir Aleksandrovich,Q15978960,1996-01-09,2001-01-09,male,1957-02-15,,,
member of the Supreme Soviet of Belarus,Henadz Alyakseenka,Q16547619,1996-01-09,2001-01-09,male,1952-05-30,,,
member of the Supreme Soviet of Belarus,Raman Ananyeu,Q16603015,1996-01-09,2001-01-09,male,1964-04-19,,,
member of the Supreme Soviet of Belarus,Alyaksandr Azarchankau,Q17181577,1996-01-09,2001-01-09,male,1944-04-17,,,
member of the Supreme Soviet of Belarus,Yuryi Astapchanka,Q17189397,1996-01-09,2001-01-09,male,1945-06-18,,,
member of the Supreme Soviet of Belarus,Ihar Anushkin,Q17254804,1996-01-09,2001-01-09,male,1944-10-03,,,
member of the Supreme Soviet of Belarus,Mikhail Anikeeu,Q17324802,1996-01-09,2001-01-09,male,1949-05-23,,,
member of the Supreme Soviet of Belarus,Mikhail Ban',Q18233115,1996-01-09,2001-01-09,male,1950-10-01,,,
member of the Supreme Soviet of Belarus,Alyaksandr Apalonik,Q18324688,1996-01-09,2001-01-09,male,,,,
member of the Supreme Soviet of Belarus,Barys Bikinin,Q18325097,1996-01-09,2001-01-09,male,1947-03-08,,,
member of the Supreme Soviet of Belarus,Valeryi Novak,Q18325098,1996-01-09,2001-01-09,male,,,,
member of the Supreme Soviet of Belarus,Mikalay Karpievich,Q18325099,1996-01-09,2001-01-09,male,,,,
member of the Supreme Soviet of Belarus,Ryhor Prakapovich,Q18325100,1996-01-09,,male,,,,
member of the Supreme Soviet of Belarus,Valyantsina Samuseva,Q18398029,1996-01-09,2000-01-09,female,,,,
member of the Supreme Soviet of Belarus,Ruslan Ihnatsishchau,Q18398031,1996-01-09,2001-01-09,male,1939-04-25,,,
member of the Supreme Soviet of Belarus,Henadziy Mirhalouski,Q18398046,1996-01-09,2001-01-09,male,,,,
member of the Supreme Soviet of Belarus,Alyaksandr Dubko,Q18420962,1996-01-09,2001-01-09,male,,,,
member of the Supreme Soviet of Belarus,Alyaksandr Dudko,Q18420963,1996-01-09,2001-01-09,male,1958-10-03,,,
member of the Supreme Soviet of Belarus,Alaksandr Kapshai,Q18420965,1996-01-09,2001-01-09,male,,,,
member of the Supreme Soviet of Belarus,Alyaksandr Valakhanovich,Q18420967,1996-01-09,2000-01-09,male,,,,
member of the Supreme Soviet of Belarus,Alaksiej Kamaj,Q18420970,1996-01-09,2001-01-09,male,1936-04-01,,,
member of the Supreme Soviet of Belarus,Aleh Lapkouski,Q18420972,1996-01-09,2001-01-09,male,,,,
member of the Supreme Soviet of Belarus,Alena Skryhan,Q18421006,1996-01-09,2000-01-09,female,1947-01-02,,,
member of the Supreme Soviet of Belarus,Anatol Babkow,Q18421083,1996-01-09,2001-01-09,male,1947-09-10,,,
member of the Supreme Soviet of Belarus,Anatoly Kuzma,Q18421086,1996-01-09,2001-01-09,male,1940-02-03,,,
member of the Supreme Soviet of Belarus,Alyaksandr Bukhvostau,Q18423150,1996-01-09,2001-01-09,male,1944-11-22,,,
member of the Supreme Soviet of Belarus,Fyodar Ruskevich,Q18424688,1996-01-09,2000-01-09,male,,,,
member of the Supreme Soviet of Belarus,Ihar Katlarou,Q18425440,1996-01-09,2001-01-09,male,,,,
member of the Supreme Soviet of Belarus,Iwan Hukau,Q18425584,1996-01-09,2001-01-09,male,,,,
member of the Supreme Soviet of Belarus,Iwan Kanaszuk,Q18425587,1996-01-09,2001-01-09,male,,,,
member of the Supreme Soviet of Belarus,Ivan Kireyeu,Q18425589,1996-01-09,2001-01-09,male,,,,
member of the Supreme Soviet of Belarus,Ivan Litvin,Q18425593,1996-01-09,2001-01-09,male,,,,
member of the Supreme Soviet of Belarus,Iwan Paszkiewicz,Q18425595,1996-01-09,2001-01-09,male,,,,
member of the Supreme Soviet of Belarus,Kanstantsin Pachepka,Q18426044,1996-01-09,2001-01-09,male,,,,
member of the Supreme Soviet of Belarus,Tatsiana Khadnevich,Q18430144,1996-01-09,2001-01-09,female,1954-12-03,,,
member of the Supreme Soviet of Belarus,Tamara Manukova,Q18430156,1996-01-09,2001-01-09,female,1953-02-11,,,
member of the Supreme Soviet of Belarus,Aleh Lashchynski,Q18430172,1996-01-09,2001-01-09,male,,,,
member of the Supreme Soviet of Belarus,Hieorhij Kibierman,Q18430529,1996-01-09,2001-01-09,male,,,,
member of the Supreme Soviet of Belarus,Uladzimir Basharymau,Q18430740,1996-01-09,2001-01-09,male,1957-01-05,,,
member of the Supreme Soviet of Belarus,Uladzimir Nistsyuk,Q18430743,1996-01-09,2001-01-09,male,,,,
member of the Supreme Soviet of Belarus,,Q18430745,1996-01-09,2001-01-09,male,1946-10-25,,,
member of the Supreme Soviet of Belarus,Uladzimir Savichau,Q18430748,1996-01-09,2000-01-09,male,1936-07-23,,,
member of the Supreme Soviet of Belarus,Valyantsin Kruchkou,Q18430849,1996-01-09,2001-01-09,male,,,,
member of the Supreme Soviet of Belarus,Valyantsin Papruha,Q18430852,1996-01-09,2001-01-09,male,,,,
member of the Supreme Soviet of Belarus,Valeryi Kruhavy,Q18430857,1996-01-09,2001-01-09,male,,,,
member of the Supreme Soviet of Belarus,Vasil Harhun,Q18430886,1996-01-09,2001-01-09,male,,,,
member of the Supreme Soviet of Belarus,Viachaslau Herasimenka,Q18430940,1996-01-09,2001-01-09,male,,,,
member of the Supreme Soviet of Belarus,Viachaslau Kazhan,Q18430942,1996-01-09,2001-01-09,male,,,,
member of the Supreme Soviet of Belarus,Viachaslau Lyubavitski,Q18430944,1996-01-09,2001-01-09,male,,,,
member of the Supreme Soviet of Belarus,Vikentsiy Kazlowski,Q18431068,1996-01-09,2001-01-09,male,,,,
member of the Supreme Soviet of Belarus,Viktar Byalkovich,Q18431071,1996-01-09,2001-01-09,male,1955-12-24,,,
member of the Supreme Soviet of Belarus,Viktar Pasechnik,Q18431073,1996-01-09,2001-01-09,male,,,,
member of the Supreme Soviet of Belarus,Vitaliy Busko,Q18431121,1996-01-09,2001-01-09,male,,,,
member of the Supreme Soviet of Belarus,Leanid Yunchyk,Q18431344,1996-01-09,2001-01-09,male,,,,
member of the Supreme Soviet of Belarus,Leanid Paharelski,Q18431345,1996-01-09,2001-01-09,male,1941,,,
member of the Supreme Soviet of Belarus,Marya Khudaya,Q18431909,1996-01-09,2001-01-09,female,,,,
member of the Supreme Soviet of Belarus,Mikhail Lyubezny,Q18432088,1996-01-09,2001-01-09,male,,,,
member of the Supreme Soviet of Belarus,Mikhail Snyahir,Q18432091,1996-01-09,2001-01-09,male,,,,
member of the Supreme Soviet of Belarus,Mikalay Astapkovich,Q18432137,1996-01-09,2001-01-09,male,,,,
member of the Supreme Soviet of Belarus,Mikalay Byalow,Q18432139,1996-01-09,2001-01-09,male,1947-10-15,,,
member of the Supreme Soviet of Belarus,Mikalai Busel,Q18432141,1996-01-09,2001-01-09,male,1930,,,
member of the Supreme Soviet of Belarus,Mikalay Dubovik,Q18432144,1996-01-09,2001-01-09,male,,,,
member of the Supreme Soviet of Belarus,Mikalay Dunich,Q18432147,1996-01-09,2001-01-09,male,1950-05-07,,,
member of the Supreme Soviet of Belarus,,Q18432149,1996-01-09,2001-01-09,male,,,,
member of the Supreme Soviet of Belarus,Mikalai Shymanski,Q18432152,1996-01-09,2000-01-09,male,,,,
member of the Supreme Soviet of Belarus,Mikalay Zdanchuk,Q18432154,1996-01-09,2000-01-09,male,,,,
member of the Supreme Soviet of Belarus,Mikalai Laputs,Q18432156,1996-01-09,2001-01-09,male,,,,
member of the Supreme Soviet of Belarus,Siarhei Prakhorchyk,Q18434231,1996-01-09,2001-01-09,male,1954-11-01,,,
member of the Supreme Soviet of Belarus,Stanislaw Havarushkin,Q18434449,1996-01-09,2001-01-09,male,,,,
member of the Supreme Soviet of Belarus,Zbyshak Pabiarzhyn,Q18526126,1996-01-09,2001-01-09,male,1950-01-01,,,
member of the Supreme Soviet of Belarus,Ivan Bayarchuk,Q18567134,1996-01-09,2001-01-09,male,1938,,,
member of the Supreme Soviet of Belarus,Mikalay Bekish,Q18567158,1996-01-09,2001-01-09,male,1955-05-25,,,
member of the Supreme Soviet of Belarus,Uladzimir Belyakou,Q18567164,1996-01-09,2001-01-09,male,1948,,,
member of the Supreme Soviet of Belarus,Viktar Brutski,Q18567171,1996-01-09,2001-01-09,male,1951-09-28,2020-12-21,,
member of the Supreme Soviet of Belarus,Uladzimir Khadasevich,Q18567175,1996-01-09,2001-01-09,male,1947-08-23,,,
member of the Supreme Soviet of Belarus,Mikalay Dzyamidaw,Q18567203,1996-01-09,2001-01-09,male,1951-06-31,,,
member of the Supreme Soviet of Belarus,Jauhieniy Jenka,Q18567280,1996-01-09,2001-01-09,male,,,,
member of the Supreme Soviet of Belarus,Anatoliy Koyda,Q18567294,1996-01-09,2001-01-09,male,1940-06-25,,,
member of the Supreme Soviet of Belarus,Anatol Krasutski,Q18567312,1996-01-09,2001-01-09,male,1947-10-24,,,
member of the Supreme Soviet of Belarus,,Q18567328,1996-01-09,2001-01-09,male,,,,
member of the Supreme Soviet of Belarus,Valeryi Lektarau,Q18567346,1996-01-09,2001-01-09,male,,,,
member of the Supreme Soviet of Belarus,Syamyon Liushyts,Q18567373,1996-01-09,2001-01-09,male,1950-05-16,,,
member of the Supreme Soviet of Belarus,Leanid Maystruk,Q18567390,1996-01-09,2001-01-09,male,,,,
member of the Supreme Soviet of Belarus,Pavel Nyavestsenka,Q18567408,1996-01-09,2001-01-09,male,,,,
member of the Supreme Soviet of Belarus,Iosif Palachanin,Q18567447,1996-01-09,2001-01-09,male,,,,
member of the Supreme Soviet of Belarus,Leanid Radkevich,Q18567504,1996-01-09,2001-01-09,male,,,,
member of the Supreme Soviet of Belarus,Valyantsin Razhko,Q18567514,1996-01-09,2000-01-09,male,,,,
member of the Supreme Soviet of Belarus,Mikhail Sasonka,Q18567546,1996-01-09,2000-01-09,male,1953-10-28,,,
member of the Supreme Soviet of Belarus,Vikentsi Tarasevich,Q18567575,1996-01-09,2000-01-09,male,,,,
member of the Supreme Soviet of Belarus,Mikhail Varanovich,Q18567580,1996-01-09,2001-01-09,male,,,,
member of the Supreme Soviet of Belarus,Alyaksandr Bich,Q18567869,1996-01-09,2001-01-09,male,,,,
member of the Supreme Soviet of Belarus,Viktar Hruntau,Q18567931,1996-01-09,2001-01-09,male,,,,
member of the Supreme Soviet of Belarus,Mikhail Hrusheuski,Q18567934,1996-01-09,2001-01-09,male,,,,
member of the Supreme Soviet of Belarus,Mikalay Kamyak,Q18567960,1996-01-09,2001-01-09,male,1952,,,
member of the Supreme Soviet of Belarus,Kuzma Melnikau,Q18567980,1996-01-09,2001-01-09,male,,,,
member of the Supreme Soviet of Belarus,Valeryi Minich,Q18567985,1996-01-09,2001-01-09,male,,,,
member of the Supreme Soviet of Belarus,Alyaksandr Pankratsenka,Q18568008,1996-01-09,2001-01-09,male,,,,
member of the Supreme Soviet of Belarus,Syarhei Pinchuk,Q18568010,1996-01-09,2001-01-09,male,,,,
member of the Supreme Soviet of Belarus,Viktar Rudenka,Q18568019,1996-01-09,2000-01-09,male,,,,
member of the Supreme Soviet of Belarus,Vasil Shulyakouski,Q18568042,1996-01-09,2000-01-09,male,,,,
member of the Supreme Soviet of Belarus,Viktar Khomich,Q18568225,1996-01-09,2001-01-09,male,1950-08-16,,,
member of the Supreme Soviet of Belarus,Vasil Khrol,Q18568230,1996-01-09,2001-01-09,male,1957-01-12,2020-06-04,,
member of the Supreme Soviet of Belarus,Pavel Daneyka,Q18568237,1996-01-09,2001-01-09,male,,,,
member of the Supreme Soviet of Belarus,Mikhail Dmukhowski,Q18568246,1996-01-09,2001-01-09,male,,,,
member of the Supreme Soviet of Belarus,Aleh Rumo,Q18568283,1996-01-09,2000-01-09,male,1941-08-21,,,
member of the Supreme Soviet of Belarus,Uladzimir Zdabnow,Q18568305,1996-01-09,2000-01-09,male,,,,
member of the Supreme Soviet of Belarus,Mikalay Dylewski,Q18569483,1996-01-09,2001-01-09,male,,,,
member of the Supreme Soviet of Belarus,Vasil Skok,Q18569489,1996-01-09,2000-01-09,male,,,,
member of the Supreme Soviet of Belarus,Uladzimir Navasyad,Q1977098,1996-01-09,2001-01-09,male,1968-04-12,,Novosiad.JPG,Vladimir Novosiad
member of the Supreme Soviet of Belarus,Alexander Dabravolski,Q2026867,1996-01-09,2001-01-09,male,1958-11-23,,Dabravolski.jpg,Alexander Dabravolski
member of the Supreme Soviet of Belarus,Siamion Domash,Q2387791,1996-01-09,2001-01-09,male,1950-01-02,2019-02-09,,Siamion Domash
member of the Supreme Soviet of Belarus,Uladzimir Hancharyk,Q2390795,1996-01-09,2001-01-09,male,1940-04-29,,,Uładzimir Hančaryk
member of the Supreme Soviet of Belarus,Viktar Hanchar,Q2509795,1996-01-09,2001-01-09,male,1958-09-07,,,Viktar Hanchar
member of the Supreme Soviet of Belarus,Mikalay Lazavik,Q27733126,1996-01-09,2001-01-09,male,1951-01-18,2016-11-05,,
member of the Supreme Soviet of Belarus,Aliaksei Yanovich,Q29113468,1996-01-09,2001-01-09,male,1939-12-18,,,
member of the Supreme Soviet of Belarus,Uladzimir Kudzinau,Q31030934,1996-01-09,2001-01-09,male,1959-06-11,,,
member of the Supreme Soviet of Belarus,Volha Abramava,Q3917468,1996-01-09,2001-01-09,female,1953-09-19,,,
member of the Supreme Soviet of Belarus,Alyaksandr Yakabson,Q3917812,1996-01-09,2001-01-09,male,1951-04-18,,,
member of the Supreme Soviet of Belarus,Stanislau Bahdankevich,Q4089204,1996-01-09,2001-01-09,male,1937-01-01,,,
member of the Supreme Soviet of Belarus,Lyudmila Hraznova,Q4151125,1996-01-09,2001-01-09,female,1953-06-08,,,
member of the Supreme Soviet of Belarus,Uladzimir Kanaplyou,Q4231171,1996-01-09,2001-01-09,male,1954-01-03,,"RIAN archive 122341 Gryzlov, Konoplev At Parliamentary Assembly Session.jpg",
member of the Supreme Soviet of Belarus,Syarhei Kastsyan,Q4235733,1996-01-09,2001-01-09,male,1941-01-15,,,
member of the Supreme Soviet of Belarus,Anatoly Lebedko,Q487440,1996-01-09,2001-01-09,male,1961-06-27,,Anatoly Lebedko Senate of Poland 01.JPG,Anatoly Lebedko
member of the Supreme Soviet of Belarus,Anatoly Malofeyev,Q487868,1996-01-09,2001-01-09,male,1933-05-14,2022-01-19,,Anatoly Malofeyev
member of the Supreme Soviet of Belarus,Siarhei Kalyakin,Q551508,1996-01-09,2001-01-09,male,1952-06-16,,ІІ Форум левых дэмакратычных сіл Беларусі (2021-02-07) 18.jpg,Sergey Kalyakin
member of the Supreme Soviet of Belarus,Alyaksandr Kozyr,Q6462656,1996-01-09,2001-01-09,male,1945-03-24,,,
member of the Supreme Soviet of Belarus,Leanid Hłuchouski,Q6506156,1996-01-09,2001-01-09,male,1961-11-06,,,
member of the Supreme Soviet of Belarus,Vasil Novikau,Q67608930,1996-01-09,2001-01-09,male,1946-02-21,,,
member of the Supreme Soviet of Belarus,Myechyslaw Hryb,Q723253,1996-01-09,2001-01-09,male,1938-09-25,,Мечислав Гриб.png,Myechyslaw Hryb
member of the Supreme Soviet of Belarus,Wiktar Michadziuk,Q77651307,1996-01-09,2001-01-09,male,1960-05-02,,,
member of the Supreme Soviet of Belarus,Viktor Tereshchenko,Q781325,1996-01-09,2001-01-09,male,1950-01-30,,,
member of the Supreme Soviet of Belarus,Anatoly Tsyutsyunou,Q9150620,1996-01-09,2001-01-09,male,1949-09-21,,,
member of the Supreme Soviet of Belarus,Andrei Klimau,Q9151062,1996-01-09,2001-01-09,male,1965-09-17,,,
member of the Supreme Soviet of Belarus,Anton Bludnik,Q9156322,1996-01-09,2001-01-09,male,1956-09-03,,,
member of the Supreme Soviet of Belarus,Arkadziy Lunovich,Q9159818,1996-01-09,2001-01-09,male,1952-02-03,,,
member of the Supreme Soviet of Belarus,Eduard Vaytsyakhovich,Q9250640,1996-01-09,2001-01-09,male,1960-04-03,2022-01-12,,Eduard Vaytsyakhovich
member of the Supreme Soviet of Belarus,Hienadź Ciarenia,Q9291988,1996-01-09,2001-01-09,male,1948-05-09,,,
member of the Supreme Soviet of Belarus,Heorhi Kashkan,Q9292000,1996-01-09,2001-01-09,male,1949-10-19,,,
member of the Supreme Soviet of Belarus,Stanislau Leushyk,Q9341496,1996-01-09,2001-01-09,male,1950-05-08,,,
member of the Supreme Soviet of Belarus,Uladzimir Yahoraw,Q9367677,1996-01-09,2001-01-09,male,1939-11-07,2016-10-04,,
member of the Supreme Soviet of Belarus,Valery Alyaksandraw,Q9370514,1996-01-09,2001-01-09,male,1947-05-04,,,
member of the Supreme Soviet of Belarus,Wasil Juchimuk,Q9371379,1996-01-09,2001-01-09,male,1954-01-26,,,
member of the Supreme Soviet of Belarus,Viktar Burak,Q9373949,1996-01-09,2001-01-09,male,1941-02-02,,,
member of the Supreme Soviet of Belarus,Yury Kulakouski,Q99193242,1996-01-09,2001-01-09,male,1952-03-29,,,
member of the Supreme Soviet of Belarus,Valeryi Drako,Q18567895,1996-05-03,2001-01-09,male,1946-05-19,,,
member of the Supreme Soviet of Belarus,Aleh Harbunow,Q18569351,1996-05-03,2001-01-09,male,,,,
member of the House of Representatives of Belarus,Vyacheslav Kebich,Q1361912,1996,2004,male,1936-06-10,2020-12-09,Вячеслав Францевич Кебич.jpg,Vyacheslav Kebich
member of the House of Representatives of Belarus,Tatsiana Khadnevich,Q18430144,1996-11,2000-11-21,female,1954-12-03,,,
member of the House of Representatives of Belarus,Siarhiej Szpakau,Q15170884,1996-11-26,2000,male,1959-11-21,,,
member of the House of Representatives of Belarus,Pyotr Zhushma,Q11818363,1996-11-27,2000-11-21,male,1963-12-20,,,
member of the House of Representatives of Belarus,Vasil Sakovich,Q13133004,1996-11-27,2000-11-21,male,1949,,,
member of the House of Representatives of Belarus,Mikalai Kutsko,Q14336753,1996-11-27,2000,male,1954-10-05,,,
member of the House of Representatives of Belarus,Alyaksandr Shpileuski,Q14916945,1996-11-27,2004,male,1953-05-28,,,
member of the House of Representatives of Belarus,Leanid Rachkou,Q14917058,1996-11-27,2000-11-21,male,1946-03-29,,,
member of the House of Representatives of Belarus,Anatoly Malakhouski,Q14918307,1996-11-27,2000-11-21,male,1945-01-01,,,
member of the House of Representatives of Belarus,Vasil Lukyanovich,Q15070629,1996-11-27,2000,male,1950-01-17,,,
member of the House of Representatives of Belarus,Uladzimir Aleksandrovich,Q15978960,1996-11-27,2004-11-16,male,1957-02-15,,,
member of the House of Representatives of Belarus,Henadz Alyakseenka,Q16547619,1996-11-27,2000-11-21,male,1952-05-30,,,
member of the House of Representatives of Belarus,Raman Ananyeu,Q16603015,1996-11-27,2004-11-16,male,1964-04-19,,,
member of the House of Representatives of Belarus,Alyaksandr Azarchankau,Q17181577,1996-11-27,2004-11-16,male,1944-04-17,,,
member of the House of Representatives of Belarus,Yuryi Astapchanka,Q17189397,1996-11-27,2008-10-27,male,1945-06-18,,,
member of the House of Representatives of Belarus,Mikhail Anikeeu,Q17324802,1996-11-27,2004-11-16,male,1949-05-23,,,
member of the House of Representatives of Belarus,Mikhail Ban',Q18233115,1996-11-27,2000-11-21,male,1950-10-01,,,
member of the House of Representatives of Belarus,Valyantsina Samuseva,Q18398029,1996-11-27,2000-11-21,female,,,,
member of the House of Representatives of Belarus,Anatol Babkow,Q18421083,1996-11-27,2004-11-16,male,1947-09-10,,,
member of the House of Representatives of Belarus,Anatoly Kuzma,Q18421086,1996-11-27,2000-11-27,male,1940-02-03,,,
member of the House of Representatives of Belarus,Mikhail Snyahir,Q18432091,1996-11-27,2000-11-21,male,,,,
member of the House of Representatives of Belarus,Zbyshak Pabiarzhyn,Q18526126,1996-11-27,2000-11-21,male,1950-01-01,,,
member of the House of Representatives of Belarus,Viktar Brutski,Q18567171,1996-11-27,2000-11-21,male,1951-09-28,2020-12-21,,
member of the House of Representatives of Belarus,Anatoliy Koyda,Q18567294,1996-11-27,2000-11-21,male,1940-06-25,,,
member of the House of Representatives of Belarus,Valyantsin Razhko,Q18567514,1996-11-27,2000-11-21,male,,,,
member of the House of Representatives of Belarus,Mikhail Sasonka,Q18567546,1996-11-27,2000-11-21,male,1953-10-28,,,
member of the House of Representatives of Belarus,Viktar Rudenka,Q18568019,1996-11-27,2000-11-21,male,,,,
member of the House of Representatives of Belarus,Vasil Khrol,Q18568230,1996-11-27,2008-10-27,male,1957-01-12,2020-06-04,,
member of the House of Representatives of Belarus,Aleh Rumo,Q18568283,1996-11-27,2000-11-21,male,1941-08-21,,,
member of the House of Representatives of Belarus,Vyachaslau Sharshunou,Q4520758,1996-11-27,2000,male,1949-05-04,,,
member of the House of Representatives of Belarus,Leanid Hłuchouski,Q6506156,1996-11-27,2000,male,1961-11-06,,,
member of the House of Representatives of Belarus,Valery Alyaksandraw,Q9370514,1996-11-27,2000-11-21,male,1947-05-04,,,
member of the House of Representatives of Belarus,Viktar Burak,Q9373949,1996-11-27,2000-11-21,male,1941-02-02,,,
member of the House of Representatives of Belarus,Mikhail Orda,Q11778494,2000-11-21,2012,male,1966-09-28,,Mikhail Orda MP Belarus. BSPC 18 Nyborg Danmark 2009-08-31 (2).jpg,
member of the House of Representatives of Belarus,Natalla Audzeeva,Q17167610,2000-11-21,2008-10-27,female,1957-05-26,,,
member of the House of Representatives of Belarus,Yuryi Andreeu,Q17233272,2000-11-21,2008-10-27,male,1954-06-27,,,
member of the House of Representatives of Belarus,Alyaksandr Arkhipau,Q18002948,2000-11-21,2008-10-27,male,1959-08-27,,,
member of the House of Representatives of Belarus,Ihar Baslyk,Q18003020,2000-11-21,2004-11-16,male,1962-06-11,,,
member of the House of Representatives of Belarus,Volha Abramava,Q3917468,2000-11-21,2008-10-27,female,1953-09-19,,,
member of the House of Representatives of Belarus,Valyantsina Kachan,Q9370082,2001-04-12,2008-10-27,female,1951-10-16,,,
member of the House of Representatives of Belarus,Valery Alyaksandraw,Q9370514,2001-04-12,2004-11-16,male,1947-05-04,,,
member of the House of Representatives of Belarus,Halina Jurhialewicz,Q9285366,2004,2008-10-27,female,1954-04-30,,,
member of the House of Representatives of Belarus,Alyaksandr Shacko,Q9144082,2004-11,2012-10,male,1963-09-03,,,
member of the House of Representatives of Belarus,Halina Palanska,Q11708451,2004-11-16,2012-10-18,female,1950-06-10,,,
member of the House of Representatives of Belarus,Aleh Wialiczka,Q41860,2004-11-16,2012-10-18,male,1959-03-06,,,
member of the House of Representatives of Belarus,,Q9150646,2004-11-16,2008-10-27,male,1953-07-20,,,
member of the House of Representatives of Belarus,Raisa Cichanska,Q9303271,2004-11-16,2008-10-27,female,1951-01-02,,,
member of the House of Representatives of Belarus,Tatsyana Asmalowskaya,Q9353991,2004-11-16,2012-10-18,female,1958-05-11,,,
member of the House of Representatives of Belarus,Tatsyana Artsyushyna,Q9353992,2004-11-16,2008-10-27,female,1953-08-02,,,
member of the House of Representatives of Belarus,Uladzimir Adaszkevich,Q9367670,2004-11-16,2012-10-18,male,1949-11-15,,,
member of the House of Representatives of Belarus,Uladzimir Kuzhanau,Q9367682,2004-11-16,2008-10-27,male,1952-06-27,,,
member of the House of Representatives of Belarus,Yauhien Abalenski,Q10444907,2008-10-27,2016-10-11,male,1973-03-30,,,
member of the House of Representatives of Belarus,Ina Antonava,Q11712032,2008-10-27,2012-10-18,female,1952-07-23,,,
member of the House of Representatives of Belarus,Ivan Bahatka,Q11714376,2008-10-27,2012-11-18,male,1950-10-09,,,
member of the House of Representatives of Belarus,Yauhen Artsyushenka,Q11723344,2008-10-27,2012-10-18,male,1974-08-02,,,
member of the House of Representatives of Belarus,Mikalai Andreichuk,Q11780614,2008-10-27,2012-10-18,male,1957-04-07,,,
member of the House of Representatives of Belarus,Mikalay Zhhun,Q11780621,2008-10-27,2012-10-18,male,1956-11-03,,,
member of the House of Representatives of Belarus,Nina Kulsha,Q11792293,2008-10-27,2012-10-18,female,1957-01-12,,,
member of the House of Representatives of Belarus,Uladzimir Andreychanka,Q2029677,2008-10-27,,male,1949-01-02,,Vladimir Andreichenko.jpg,
member of the House of Representatives of Belarus,Anatol Vankovich,Q24924995,2008-10-27,2012-10-18,male,1958-11-13,,,
member of the House of Representatives of Belarus,Alyaksandr Antanyenka,Q9144024,2008-10-27,2012-10-18,male,1953-10-02,,,
member of the House of Representatives of Belarus,Alyaksandr Byelaeu,Q9144028,2008-10-27,2012-10-18,male,1947-04-12,,,
member of the House of Representatives of Belarus,Alena Dzikawicka,Q9147007,2008-10-27,2012-10-18,female,1960-12-03,,,
member of the House of Representatives of Belarus,,Q9154468,2008-10-27,2012-10-18,male,1949-05-26,,,
member of the House of Representatives of Belarus,Filip Bohusz,Q9259568,2008-10-27,2012-10-18,male,1952-01-01,,,
member of the House of Representatives of Belarus,Hyenadz' Dzyamidchyk,Q9291990,2008-10-27,2012-10-18,male,1950-06-28,,,
member of the House of Representatives of Belarus,Sergey Konoplich,Q9336219,2008-10-27,2016-10-11,male,1957-03-28,,,
member of the House of Representatives of Belarus,Tamara Belkina,Q9355404,2008-10-27,2012-10-18,female,1952-10-14,,,
member of the House of Representatives of Belarus,Uladzimir Mikhasyou,Q9367686,2008-10-27,2012-10-18,male,1949-10-14,,,
member of the House of Representatives of Belarus,Valyantsina Zhurawskaya,Q9370087,2008-10-27,2016-10-11,female,1959-08-07,,,
member of the House of Representatives of Belarus,Hanna Anishchuk,Q14835239,2008-10-28,2012-10-18,female,1957-01-08,,,
member of the House of Representatives of Belarus,Uladzimir Batan,Q9367674,2008-11-27,2012-11-18,male,1961-01-28,,,
member of the House of Representatives of Belarus,Vasil Bajkou,Q9371377,2008-11-27,2012-11-18,male,1953-05-28,,,
member of the House of Representatives of Belarus,Uladzimir Bazanau,Q14394031,2012,2016-10-10,male,1957-11-29,,Vladimir Bazanov.jpg,
member of the House of Representatives of Belarus,Alena Berasneva,Q14393799,2012-09-23,2016-10-10,female,1962-06-04,,,
member of the House of Representatives of Belarus,Natalla Klimowicz,Q14918190,2012-09-23,2016-10-10,female,1963-02-02,,,
member of the House of Representatives of Belarus,Larisa Bahdanovich,Q9394017,2012-09-23,2016-10-10,female,1958-09-13,,,
member of the House of Representatives of Belarus,Leanid Apanasyuk,Q11753400,2012-10-18,2016-10-11,male,1956-01-08,,,
member of the House of Representatives of Belarus,Aleksandr Myakinnik,Q14421992,2012-10-18,2016-10-10,male,1968-07-17,,,
member of the House of Representatives of Belarus,,Q14422105,2012-10-18,2016-10-10,male,1958-08-03,,,
member of the House of Representatives of Belarus,Alyaksandr Yarashevich,Q14866893,2012-10-18,2016-10-10,male,1963-06-07,,,
member of the House of Representatives of Belarus,Zyhmund Valavach,Q14918565,2012-10-18,2016-10-10,male,1953-05-13,,,
member of the House of Representatives of Belarus,Valeryi Zhmaylik,Q14918628,2012-10-18,2016-10-10,male,1951-01-23,,,
member of the House of Representatives of Belarus,Alyaksandr Ahyeyew,Q6656652,2012-10-18,2016-10-10,male,1952-01-31,,,
member of the House of Representatives of Belarus,Siarhei Bokhan,Q9336209,2012-10-18,2016-10-10,male,1956-01-08,,,
member of the House of Representatives of Belarus,Vasil Alakseenka,Q9371375,2012-10-18,2016-10-10,male,1957-01-01,,,
member of the House of Representatives of Belarus,Adam Bashkou,Q14917844,2012-11-18,2016-10-10,male,1951-05-26,,,
member of the House of Representatives of Belarus,Irina Dorofeeva,Q256650,2016-09-11,2019-12-06,female,1977-07-06,,Iryna Darafiejeva.jpg,Irina Dorofeeva
member of the House of Representatives of Belarus,Oksana Gajduk,Q31031181,2016-09-11,2019-12-06,female,1974-02-06,,,
member of the House of Representatives of Belarus,Aliaksandr Bahdanovich,Q669664,2016-09-11,2019-12-06,male,1982-04-29,,Andrei and Aliaksandr Bahdanovich 2010 Belarusian stamp.jpg,Aliaksandr Bahdanovich
member of the House of Representatives of Belarus,,Q31031224,2016-10-11,2019-12-04,male,1957-06-02,,,
member of the House of Representatives of Belarus,Valery Voronetsky,Q13028926,2019-11-17,,male,1963-10-14,,Valery Voronetsky.jpg,
member of the House of Representatives of Belarus,Liliya Ananich,Q17363938,2019-11-17,,female,1960-01-02,,,
member of the House of Representatives of Belarus,Oleg Belokonev,Q18634077,2019-11-17,,male,1965-05-15,,Oleg Belokonev (2018-10-11).jpg,Oleg Belokonev
member of the House of Representatives of Belarus,,Q24450491,2019-11-17,,male,1962-12-21,,,
member of the House of Representatives of Belarus,,Q30880299,2019-11-17,,male,1961-09-19,,,
member of the House of Representatives of Belarus,,Q31031142,2019-11-17,,,1960-08-26,,,
member of the House of Representatives of Belarus,,Q31031145,2019-11-17,,male,1964-09-24,,,
member of the House of Representatives of Belarus,,Q31031161,2019-11-17,,male,1958-12-12,,,
member of the House of Representatives of Belarus,,Q31031166,2019-11-17,,male,1963-04-18,,,
member of the House of Representatives of Belarus,,Q31031171,2019-11-17,,male,1958-04-01,,,
member of the House of Representatives of Belarus,Oksana Gajduk,Q31031181,2019-11-17,,female,1974-02-06,,,
member of the House of Representatives of Belarus,,Q31031199,2019-11-17,,female,1960-07-27,,,
member of the House of Representatives of Belarus,,Q31031202,2019-11-17,,male,1960-01-25,,,
member of the House of Representatives of Belarus,,Q31031207,2019-11-17,,male,1961-12-24,,,
member of the House of Representatives of Belarus,,Q31031236,2019-11-17,,female,1967-08-07,,,
member of the House of Representatives of Belarus,,Q31031237,2019-11-17,,male,1971-01-07,,,
member of the House of Representatives of Belarus,,Q31031238,2019-11-17,,female,1966-12-03,,,
member of the House of Representatives of Belarus,,Q31031243,2019-11-17,,female,1967-12-04,,,
member of the House of Representatives of Belarus,Gennady Davydko,Q3919171,2019-11-17,,male,1955-09-29,,Hienadź Davydźka.png,Gennady Davydko
member of the House of Representatives of Belarus,Ihar Marzaliuk,Q3919972,2019-11-17,,male,1968-09-11,,Ігар Марзалюк.png,
member of the House of Representatives of Belarus,Aleksandr Maseikov,Q4283775,2019-11-17,,male,1971-07-26,,,Aleksandr Maseikov
member of the House of Representatives of Belarus,Aleksei Yegorov,Q50327375,2019-11-17,,male,1969-12-16,,,
member of the House of Representatives of Belarus,Valery Mitskevich,Q62763438,2019-11-17,,male,1964-02-24,,,
member of the House of Representatives of Belarus,,Q63114310,2019-11-17,,female,1968-04-01,,,
member of the House of Representatives of Belarus,Oleg Gaidukevich,Q70254763,2019-11-17,,male,1977-03-26,,Alieh Hajdukievič.png,
member of the House of Representatives of Belarus,,Q81376698,2019-11-17,,male,1963-12-11,,,
member of the House of Representatives of Belarus,Mikalai Shauchuk,Q83430675,2019-11-17,,male,1959-08-24,,,
member of the House of Representatives of Belarus,Maria Vasilevich,Q83941316,2019-11-17,,female,1997-04-09,,,Maria Vasilevich
member of the House of Representatives of Belarus,,Q84223526,2019-11-17,,female,1967-08-13,,,
member of the House of Representatives of Belarus,,Q84314130,2019-11-17,,female,1954-11-22,,,
member of the House of Representatives of Belarus,,Q84314133,2019-11-17,,male,1963-11-09,,,
member of the House of Representatives of Belarus,,Q84314138,2019-11-17,,female,1970-12-07,,,
member of the House of Representatives of Belarus,,Q84314139,2019-11-17,,male,1990-09-23,,,
member of the House of Representatives of Belarus,,Q84314142,2019-11-17,,female,1967-04-20,,,
member of the House of Representatives of Belarus,,Q84314145,2019-11-17,,female,1966-08-08,,,
member of the House of Representatives of Belarus,,Q84314146,2019-11-17,,male,1966-02-13,,,
member of the House of Representatives of Belarus,,Q84314191,2019-11-17,,female,1971-03-12,,,
member of the House of Representatives of Belarus,Sviatlana Liubieckaja,Q84314197,2019-11-17,,female,1971-06-03,,,
member of the House of Representatives of Belarus,,Q84314204,2019-11-17,,male,1963-01-10,,,
member of the House of Representatives of Belarus,,Q84314226,2019-11-17,,female,1975-05-01,,,
member of the House of Representatives of Belarus,,Q84314258,2019-11-17,,male,1970-06-02,,,
member of the House of Representatives of Belarus,,Q85821203,2019-11-17,,male,1956-03-10,,,
member of the House of Representatives of Belarus,,Q85859294,2019-11-17,,male,1957-10-20,,,
member of the House of Representatives of Belarus,,Q85859913,2019-11-17,,male,1964-07-07,,,
member of the House of Representatives of Belarus,,Q85940414,2019-11-17,,male,1981-09-15,,,
member of the House of Representatives of Belarus,,Q86095417,2019-11-17,,female,1964-05-03,,,
member of the House of Representatives of Belarus,Igor Lavrinenko,Q86607055,2019-11-17,2021-05-14,male,1961-04-17,2021-05-14,,Igor Lavrinenko
member of the House of Representatives of Belarus,,Q86607063,2019-11-17,,male,1972-08-15,,,
member of the House of Representatives of Belarus,Zholnerchik Lyudmila,Q87475126,2019-11-17,,female,1964-04-30,,,
member of the House of Representatives of Belarus,,Q87490347,2019-11-17,,female,1979-02-21,,,
member of the House of Representatives of Belarus,,Q87647622,2019-11-17,,female,1967-06-01,,,
member of the House of Representatives of Belarus,,Q87671011,2019-11-17,,female,1964-03-17,,,
member of the House of Representatives of Belarus,,Q87689463,2019-11-17,,female,1964-11-08,,,
member of the House of Representatives of Belarus,,Q87696740,2019-11-17,,female,1969-05-04,,,
member of the House of Representatives of Belarus,,Q87699694,2019-11-17,,female,1986-08-25,,,
member of the House of Representatives of Belarus,,Q87707764,2019-11-17,,female,1973-10-16,,,
member of the House of Representatives of Belarus,,Q87708737,2019-11-17,,female,1964-06-22,,,
member of the House of Representatives of Belarus,,Q87710740,2019-11-17,,female,1965-09-24,,,
member of the House of Representatives of Belarus,,Q87711300,2019-11-17,,female,1968-05-18,,,
member of the House of Representatives of Belarus,,Q87736038,2019-11-17,,female,1987-06-21,,,
member of the House of Representatives of Belarus,,Q87737826,2019-11-17,,female,1967-03-08,,,
member of the House of Representatives of Belarus,,Q87738980,2019-11-17,,female,1973-05-09,,,
member of the House of Representatives of Belarus,,Q87739486,2019-11-17,,female,1969-04-25,,,
member of the House of Representatives of Belarus,,Q87739550,2019-11-17,,female,1964-07-18,,,
member of the House of Representatives of Belarus,,Q87774995,2019-11-17,,female,1978-03-27,,,
member of the House of Representatives of Belarus,,Q88039995,2019-11-17,,female,1971-07-18,,,
member of the House of Representatives of Belarus,,Q88042535,2019-11-17,,female,1985-04-25,,,
member of the House of Representatives of Belarus,,Q89394291,2019-11-17,,female,1968-12-27,,,
member of the House of Representatives of Belarus,Kralevich Irina,Q89410701,2019-11-17,,female,1965-05-12,,,
member of the House of Representatives of Belarus,,Q99500432,2019-11-17,,male,1979-03-28,,,
member of the House of Representatives of Belarus,Aliaksandar Maškaroŭ,Q99501309,2019-11-17,,male,1963-06-14,,,
member of the House of Representatives of Belarus,,Q99502326,2019-11-17,,male,1969-10-12,,,
member of the House of Representatives of Belarus,,Q99519584,2019-11-17,,female,1964-01-14,,,
member of the House of Representatives of Belarus,,Q99519673,2019-11-17,,male,1972-05-04,,,
member of the House of Representatives of Belarus,,Q99519705,2019-11-17,,male,1974-04-12,,,
member of the House of Representatives of Belarus,,Q99523061,2019-11-17,,male,1958-12-20,,,
member of the House of Representatives of Belarus,,Q99523122,2019-11-17,,female,1965-05-13,,,
member of the House of Representatives of Belarus,,Q99539722,2019-11-17,,male,1973-06-08,,,
member of the House of Representatives of Belarus,,Q99540267,2019-11-17,,male,1983-09-11,,,
member of the House of Representatives of Belarus,,Q99541058,2019-11-17,,male,1985-08-09,,,
member of the House of Representatives of Belarus,,Q99541668,2019-11-17,,male,1964-03-06,,,
member of the House of Representatives of Belarus,,Q99541697,2019-11-17,,female,1979-03-04,,,
member of the House of Representatives of Belarus,,Q99543892,2019-11-17,,male,1965-12-26,,,
member of the House of Representatives of Belarus,,Q99558753,2019-11-17,,male,1978-08-18,,,
member of the House of Representatives of Belarus,,Q99559372,2019-11-17,,male,1974-11-13,,,
member of the House of Representatives of Belarus,,Q99559759,2019-11-17,,male,1963-11-11,,,
member of the House of Representatives of Belarus,,Q99560037,2019-11-17,,male,1955-04-11,,,
member of the House of Representatives of Belarus,,Q99568711,2019-11-17,,male,1965-06-20,,,
member of the House of Representatives of Belarus,,Q99570952,2019-11-17,,male,1964-08-18,,,
member of the House of Representatives of Belarus,,Q99581917,2019-11-17,,male,1970-04-27,,,
member of the House of Representatives of Belarus,,Q99600238,2019-11-17,,male,1985-02-15,,,
member of the House of Representatives of Belarus,,Q99611351,2019-11-17,,male,1970-01-12,,,
member of the House of Representatives of Belarus,Leonid Pisanik,Q99617361,2019-11-17,2020-10-05,male,1957-08-30,2020-10-05,,
member of the House of Representatives of Belarus,,Q99638866,2019-11-17,,male,1971-04-15,,,
member of the House of Representatives of Belarus,,Q99638950,2019-11-17,,male,1975-06-12,,,
member of the House of Representatives of Belarus,,Q99638985,2019-11-17,,male,1971-02-11,,,
member of the House of Representatives of Belarus,,Q99658974,2019-11-17,,male,1971-06-28,,,
member of the House of Representatives of Belarus,,Q99662210,2019-11-17,,female,1965-05-21,,,
member of the House of Representatives of Belarus,,Q99665928,2019-11-17,,male,1972-01-16,,,
member of the House of Representatives of Belarus,,Q99669052,2019-11-17,,male,1968-05-09,,,
member of the House of Representatives of Belarus,,Q99670555,2019-11-17,,male,1967-12-01,,,
member of the House of Representatives of Belarus,Valiancin Siemianiaka,Q99670638,2019-11-17,,male,1963-07-10,,,
member of the House of Representatives of Belarus,,Q99671847,2019-11-17,,male,1983-11-29,,,
member of the House of Representatives of Belarus,,Q99676927,2019-11-17,,female,1972-08-06,,,
member of the House of Representatives of Belarus,,Q99677323,2019-11-17,,male,1970-09-11,,,
member of the House of Representatives of Belarus,,Q99677510,2019-11-17,,male,1983-08-14,,,
member of the House of Representatives of Belarus,,Q99677570,2019-11-17,,male,1962-08-29,,,
member of the House of Representatives of Belarus,,Q99686381,2019-11-17,,female,1970-05-21,,,
member of the House of Representatives of Belarus,,Q99689095,2019-11-17,,male,1979-03-20,,,
member of the Council of the Republic of Belarus,Volha Artsiomenka,Q17195130,1997-01-13,2000-12-19,female,1951-05-25,,,
member of the Council of the Republic of Belarus,Hanna Apet,Q17195416,1997-01-13,2000-12-19,female,1951-01-07,,,
member of the Council of the Republic of Belarus,Alina Bakhar,Q17379736,1997-01-13,2000-12-19,female,1952-06-03,,,
member of the Council of the Republic of Belarus,Leanid Barabanau,Q17379755,1997-01-13,2000-12-19,male,1947-07-06,,,
member of the Council of the Republic of Belarus,Vasil Basalay,Q18310834,1997-01-13,2000-10-14,male,1950-11-25,2000-10-14,,
member of the Council of the Republic of Belarus,Uladzimir Andreychanka,Q2029677,1997-01-13,2008-10-31,male,1949-01-02,,Vladimir Andreichenko.jpg,
member of the Council of the Republic of Belarus,Uladzimir Biadulya,Q4080686,1997-01-13,2000-12-19,male,1927-05-24,2017-07-30,,
member of the Council of the Republic of Belarus,Alyaksandr Ahyeyew,Q6656652,1997-01-13,2000-12-19,male,1952-01-31,,,
member of the Council of the Republic of Belarus,Alyaksandr Akulich,Q9144023,1997-01-13,2000-12-19,male,1948-06-21,,,
member of the Council of the Republic of Belarus,Tatsyana Artsyushyna,Q9353992,2000-12-19,2004-11-15,female,1953-08-02,,,
member of the Council of the Republic of Belarus,Alyaksandr Abramovich,Q6656537,2004-11-15,2008-10-31,male,1944-04-10,2018-12-01,,
member of the Council of the Republic of Belarus,Viktar Avyeryn,Q9373946,2008-10-31,2012-10-19,male,1954-07-05,,,
member of the Council of the Republic of Belarus,Igor Buzovskiy,Q63284313,2012-10-19,2016-10-12,male,1972-07-10,,,
member of the Council of the Republic of Belarus,,Q99673173,2016-10-12,2019,female,1973-08-10,,,
member of the Council of the Republic of Belarus of the 7th convocation,Aleh Rumo,Q13028245,2019,,male,1970-07-26,,,
member of the Council of the Republic of Belarus of the 7th convocation,Vasil Markevich,Q99758419,2019,,male,1958-04-12,,,
member of the Council of the Republic of Belarus of the 7th convocation,,Q100712226,2019-11-17,,female,1970-11-30,,,
member of the Council of the Republic of Belarus of the 7th convocation,,Q100715220,2019-11-17,,male,1963-06-05,,,
member of the Council of the Republic of Belarus of the 7th convocation,,Q100716115,2019-11-17,,male,1971-01-09,,,
member of the Council of the Republic of Belarus of the 7th convocation,,Q100725247,2019-11-17,,male,1971-06-14,,,
member of the Council of the Republic of Belarus of the 7th convocation,,Q100741535,2019-11-17,,male,1964-08-28,,,
member of the Council of the Republic of Belarus of the 7th convocation,,Q100746641,2019-11-17,,male,1965-01-12,,,
member of the Council of the Republic of Belarus of the 7th convocation,Siarhiej Siviec,Q10113380,2019-11-17,,male,1973-09-11,,,
member of the Council of the Republic of Belarus of the 7th convocation,Dzmitry Baskau,Q104622097,2019-11-17,,male,1978-08-25,,,Dzmitry Baskau
member of the Council of the Republic of Belarus of the 7th convocation,,Q105941571,2019-11-17,,male,1975-08-09,,,
member of the Council of the Republic of Belarus of the 7th convocation,,Q106041796,2019-11-17,,female,1964-03-18,,,
member of the Council of the Republic of Belarus of the 7th convocation,Sergey Rachkov,Q18398882,2019-11-17,,male,1960-11-04,,Sergey Rachkov.png,
member of the Council of the Republic of Belarus of the 7th convocation,,Q26897636,2019-11-17,,male,1953-01-19,,,
member of the Council of the Republic of Belarus of the 7th convocation,,Q26897678,2019-11-17,,male,1960-09-04,,,
member of the Council of the Republic of Belarus of the 7th convocation,Anatol Isachenka,Q32542201,2019-11-17,,male,1966-03-15,,Anatoly Isachenko.png,
member of the Council of the Republic of Belarus of the 7th convocation,Michaił Rusy,Q3917695,2019-11-17,,male,1954-11-23,,Michail Rusy.png,
member of the Council of the Republic of Belarus of the 7th convocation,Natallya Kachanava,Q4236620,2019-11-17,,female,1960-09-25,,2021 Natalia Kochanova.jpg,Natalya Kochanova
member of the Council of the Republic of Belarus of the 7th convocation,,Q60829261,2019-11-17,,male,1959-10-22,,"Снежицкий Виктор Александрович, ГрГМУ.jpg",
member of the Council of the Republic of Belarus of the 7th convocation,,Q66919690,2019-11-17,,male,1963-10-30,,,
member of the Council of the Republic of Belarus of the 7th convocation,Natallia Jakubickaja,Q68637994,2019-11-17,,female,1971-09-22,,,
member of the Council of the Republic of Belarus of the 7th convocation,Viktar Čajčyc,Q76263612,2019-11-17,,male,1960-08-24,,,Viktar Čajčyc
member of the Council of the Republic of Belarus of the 7th convocation,,Q98116704,2019-11-17,,male,1960-06-28,,,
member of the Council of the Republic of Belarus of the 7th convocation,,Q99767818,2019-11-17,,male,1962-08-05,,,
member of the Council of the Republic of Belarus of the 7th convocation,,Q99767942,2019-11-17,,female,1972-12-20,,,
member of the Council of the Republic of Belarus of the 7th convocation,,Q99768045,2019-11-17,,male,,,,
member of the Council of the Republic of Belarus of the 7th convocation,,Q99769144,2019-11-17,,male,1962-07-07,,,
member of the Council of the Republic of Belarus of the 7th convocation,,Q99837867,2019-11-17,,male,1959-09-24,,,
member of the Council of the Republic of Belarus of the 7th convocation,,Q99861219,2019-11-17,,male,1976-06-15,,,
member of the Council of the Republic of Belarus of the 7th convocation,,Q99884002,2019-11-17,,male,1951-07-16,,,
member of the Council of the Republic of Belarus of the 7th convocation,Andrei Ivanets,Q89419452,2019-12-06,,male,1984-09-17,,,
